{
    "Delhi": {
        "post_processed": {
            "AQI": 348.2,
            "PM25": 189.8,
            "hcho_column": 0.000235,
            "hcho_hotspot_probability": 0.0588
        },
        "raw_tensor": [
            [
                [
                    0.9295371770858765
                ]
            ],
            [
                [
                    0.873875617980957
                ]
            ],
            [
                [
                    0.05881427973508835
                ]
            ]
        ]
    },
    "Mumbai": {
        "post_processed": {
            "AQI": 115.2,
            "PM25": 59.8,
            "hcho_column": 0.000228,
            "hcho_hotspot_probability": 0.057
        },
        "raw_tensor": [
            [
                [
                    0.2928391098976135
                ]
            ],
            [
                [
                    0.27228161692619324
                ]
            ],
            [
                [
                    0.05695433169603348
                ]
            ]
        ]
    },
    "Pune": {
        "post_processed": {
            "AQI": 120.2,
            "PM25": 62.8,
            "hcho_column": 0.000233,
            "hcho_hotspot_probability": 0.0581
        },
        "raw_tensor": [
            [
                [
                    0.30669164657592773
                ]
            ],
            [
                [
                    0.2862324118614197
                ]
            ],
            [
                [
                    0.05814122036099434
                ]
            ]
        ]
    },
    "Kochi": {
        "post_processed": {
            "AQI": 72.4,
            "PM25": 38.4,
            "hcho_column": 0.000235,
            "hcho_hotspot_probability": 0.0587
        },
        "raw_tensor": [
            [
                [
                    0.17606081068515778
                ]
            ],
            [
                [
                    0.17334583401679993
                ]
            ],
            [
                [
                    0.05873126536607742
                ]
            ]
        ]
    },
    "Bengaluru": {
        "post_processed": {
            "AQI": 72.4,
            "PM25": 38.4,
            "hcho_column": 0.000235,
            "hcho_hotspot_probability": 0.0587
        },
        "raw_tensor": [
            [
                [
                    0.17606081068515778
                ]
            ],
            [
                [
                    0.17334583401679993
                ]
            ],
            [
                [
                    0.05873126536607742
                ]
            ]
        ]
    }
}