{
  "model_version": "v1.0.0",
  "training_date": "2026-07-11 20:25:16",
  "sequence_length": 7,
  "input_features": [],
  "metrics": {
    "aqi": {
      "mae": 15.504062377574831,
      "rmse": 21.128786829457045,
      "r2": 0.9595083831276259
    },
    "pm25": {
      "mae": 7.644049629832423,
      "rmse": 9.348385575425867,
      "r2": 0.9715710728103004
    },
    "hcho": {
      "accuracy": 0.75,
      "precision": 0.14285714285714285,
      "recall": 0.37333333333333335,
      "f1_score": 0.2066420664206642,
      "hotspot_threshold": 0.0608862224431075
    }
  }
}