{
  "model_version": "v1.0.0",
  "training_date": "2026-07-08 19:53:38",
  "sequence_length": 7,
  "input_features": [],
  "metrics": {
    "aqi": {
      "mae": 52.901942443847666,
      "rmse": 58.28755614167329,
      "r2": 0.6944624589293121
    },
    "pm25": {
      "mae": 20.396925506591796,
      "rmse": 27.595083749701292,
      "r2": 0.7278270754538474
    },
    "hcho": {
      "accuracy": 1.0,
      "precision": 0.0,
      "recall": 0.0,
      "f1_score": 0.0
    }
  }
}