{
  "aqi_output_loss": [
    0.1645049750804901,
    0.07674366980791092,
    0.03319787234067917,
    0.020659081637859344,
    0.013886881992220879,
    0.016027938574552536,
    0.014611899852752686,
    0.02288432978093624,
    0.019241591915488243,
    0.021187638863921165
  ],
  "hcho_output_loss": [
    0.631983757019043,
    0.5864459276199341,
    0.5412763953208923,
    0.4798808693885803,
    0.4376547932624817,
    0.38558831810951233,
    0.3522226810455322,
    0.31028833985328674,
    0.2797541618347168,
    0.2551018297672272
  ],
  "loss": [
    1.14826500415802,
    0.7609379887580872,
    0.6077415347099304,
    0.5529782176017761,
    0.4932457208633423,
    0.44471630454063416,
    0.3888038098812103,
    0.35965004563331604,
    0.32610657811164856,
    0.30650463700294495
  ],
  "pm25_output_loss": [
    0.3304179012775421,
    0.08955197781324387,
    0.033402714878320694,
    0.051543910056352615,
    0.04178197681903839,
    0.04229765012860298,
    0.020454196259379387,
    0.024122770875692368,
    0.02583906054496765,
    0.029445236548781395
  ],
  "val_aqi_output_loss": [
    0.1470082700252533,
    0.0773598849773407,
    0.036716483533382416,
    0.02822805754840374,
    0.03054027631878853,
    0.036470334976911545,
    0.03907070308923721,
    0.033809371292591095,
    0.02626933343708515,
    0.02073577046394348
  ],
  "val_hcho_output_loss": [
    0.6293903589248657,
    0.60184246301651,
    0.5692878365516663,
    0.5344998836517334,
    0.503390371799469,
    0.47213834524154663,
    0.43659842014312744,
    0.3953562378883362,
    0.34919291734695435,
    0.30761051177978516
  ],
  "val_loss": [
    0.9133750200271606,
    0.7118119597434998,
    0.6210716962814331,
    0.5849202871322632,
    0.5527347326278687,
    0.5197193026542664,
    0.4853001534938812,
    0.43972986936569214,
    0.3918120265007019,
    0.3514140248298645
  ],
  "val_pm25_output_loss": [
    0.19302771985530853,
    0.05011782795190811,
    0.014705797657370567,
    0.017970802262425423,
    0.016419081017374992,
    0.015103880316019058,
    0.01925724372267723,
    0.02358965203166008,
    0.029502451419830322,
    0.03546581044793129
  ],
  "learning_rate": [
    0.0010000000474974513,
    0.0010000000474974513,
    0.0010000000474974513,
    0.0010000000474974513,
    0.0010000000474974513,
    0.0010000000474974513,
    0.0010000000474974513,
    0.0010000000474974513,
    0.0010000000474974513,
    0.0010000000474974513
  ]
}