{
  "aqi_output_loss": [
    0.013108870014548302,
    0.0058415732346475124,
    0.0045331623405218124,
    0.003525369567796588,
    0.0033325781114399433,
    0.002963901963084936,
    0.0027158507145941257,
    0.0023941874969750643,
    0.0022118582855910063,
    0.0021134268026798964
  ],
  "hcho_output_loss": [
    0.28016144037246704,
    0.22340527176856995,
    0.22228620946407318,
    0.22178243100643158,
    0.22146396338939667,
    0.22128845751285553,
    0.2210775911808014,
    0.2209438979625702,
    0.2207932025194168,
    0.22078068554401398
  ],
  "loss": [
    0.3146227300167084,
    0.2380100041627884,
    0.233611062169075,
    0.23051370680332184,
    0.22959654033184052,
    0.22855010628700256,
    0.22758881747722626,
    0.2266760617494583,
    0.22612601518630981,
    0.2257666289806366
  ],
  "pm25_output_loss": [
    0.021264001727104187,
    0.008753551170229912,
    0.006783933844417334,
    0.005201974418014288,
    0.004792190156877041,
    0.004292843397706747,
    0.003789440728724003,
    0.0033314982429146767,
    0.003117973217740655,
    0.0028711140621453524
  ],
  "val_aqi_output_loss": [
    0.01039816252887249,
    0.005678970366716385,
    0.0026757388841360807,
    0.0020013863686472178,
    0.0024573211558163166,
    0.0016691305208951235,
    0.0022736405953764915,
    0.003627019701525569,
    0.0018857215764001012,
    0.003642283147200942
  ],
  "val_hcho_output_loss": [
    0.22238585352897644,
    0.21771575510501862,
    0.21675406396389008,
    0.21644660830497742,
    0.21647368371486664,
    0.21605320274829865,
    0.21660195291042328,
    0.2164754867553711,
    0.21587631106376648,
    0.21585634350776672
  ],
  "val_loss": [
    0.25750792026519775,
    0.23423878848552704,
    0.22318260371685028,
    0.2216007560491562,
    0.22180131077766418,
    0.21960172057151794,
    0.22173404693603516,
    0.22216284275054932,
    0.22003056108951569,
    0.22252142429351807
  ],
  "val_pm25_output_loss": [
    0.024721430614590645,
    0.01080023031681776,
    0.0037575410678982735,
    0.0031508931424468756,
    0.0028632404282689095,
    0.0018750580493360758,
    0.002865132410079241,
    0.002092383336275816,
    0.002272755838930607,
    0.003029648447409272
  ],
  "learning_rate": [
    0.0010000000474974513,
    0.0010000000474974513,
    0.0010000000474974513,
    0.0010000000474974513,
    0.0010000000474974513,
    0.0010000000474974513,
    0.0010000000474974513,
    0.0010000000474974513,
    0.0010000000474974513,
    0.0005000000237487257
  ]
}